RESNR,RESTYPE,RESCHAIN,RESNR_LIG,RESTYPE_LIG,RESCHAIN_LIG,DIST,LIGCARBONIDX,PROTCARBONIDX,LIGCOO,PROTCOO,BOND,PROT_IDX_LIST,CENTDIST,ANGLE,OFFSET,TYPE,LIG_IDX_LIST
196,VAL,A,1,UNL,A,3.95,3016.0,1496.0,"(-11.699, 27.122, 54.77)","(-14.066, 30.184, 55.564)",HYDROPHOBIC,,,,,,
276,VAL,A,1,UNL,A,3.63,3009.0,2133.0,"(-8.211, 26.679, 60.584)","(-8.326, 29.683, 62.616)",HYDROPHOBIC,,,,,,
262,LEU,A,1,UNL,A,3.74,3014.0,2009.0,"(-10.561, 27.927, 54.754)","(-9.071, 25.13, 52.771)",HYDROPHOBIC,,,,,,
205,PHE,A,1,UNL,A,4.94,,,"(-4.974666666666667, 22.444833333333335, 55.797666666666665)","(-7.891166666666666, 20.69216666666667, 52.22299999999999)",PISTACKING,"1570,1571,1572,1573,1574,1575",4.94,85.24,0.87,T,"3020,3023,3024,3025,3026,3027"
